ID,y
1,82.54406
2,97.45435
3,83.058586
4,76.98138
5,112.57681
8,91.44704
10,100.88415
11,94.82404
12,117.00962
14,95.776634
15,115.75542
16,105.81525
17,101.13274
19,91.12614
20,100.663155
21,104.27355
22,118.59853
23,101.13274
26,96.24646
28,95.72331
29,101.13274
33,101.13274
35,94.532364
41,101.13274
42,94.44458
43,113.5062
45,101.969025
46,101.09308
51,94.50797
53,83.90655
55,109.02217
56,105.28261
57,109.51313
58,98.64908
59,104.13457
63,105.73582
64,94.47485
65,100.53227
69,97.32092
71,99.39184
72,104.58749
73,95.3941
76,105.04142
77,96.73066
78,116.195
82,94.243416
83,100.53227
84,100.68793
85,106.714645
87,110.31845
88,101.13274
89,110.83873
91,97.807724
93,102.26866
94,104.78159
95,101.711105
96,111.14785
97,95.62235
98,109.8411
99,98.574524
101,105.93021
103,110.83873
104,93.961334
105,109.5496
110,97.06932
111,102.48447
113,105.50609
114,97.043724
115,111.63056
117,110.83873
120,96.01214
121,112.947266
122,94.20827
123,105.785835
126,108.30774
132,109.39473
135,111.39452
137,102.56541
138,95.003006
140,103.94026
142,108.89165
144,110.70215
148,91.76658
149,115.44164
155,103.51293
156,111.71206
157,95.62235
162,113.87258
163,95.90868
167,94.830414
172,113.5062
179,107.119385
180,94.66964
181,108.32859
182,97.71554
183,110.83873
185,110.83873
187,107.56715
188,93.034515
189,94.03877
191,93.2262
192,103.749954
193,93.26224
194,108.34408
195,94.63772
196,99.321014
198,109.50428
199,111.18422
201,100.35904
204,94.92488
205,106.84186
206,105.88417
210,96.78955
211,105.93021
216,112.18298
219,117.00962
220,92.26666
221,109.02126
226,108.32859
227,93.38489
228,110.015945
230,109.6582
231,95.62235
235,118.59853
236,99.10304
238,111.68211
242,104.03768
243,94.36421
244,79.55381
245,110.39883
247,118.5592
248,94.55924
249,91.88535
250,113.344475
251,99.10304
253,118.59853
254,95.33312
256,95.335075
257,92.06834
258,109.254105
259,98.20523
262,91.81529
266,101.407364
267,113.29622
272,104.00857
273,110.83873
275,94.18313
276,109.32925
279,93.30453
280,100.53227
283,92.831604
285,109.703636
288,110.83873
289,109.69142
290,100.86726
291,95.10322
292,105.004616
293,105.92522
296,93.96259
297,105.49595
298,116.13556
299,93.86192
304,91.880035
305,89.04622
306,94.53627
307,109.322105
311,104.08725
313,109.3904
314,92.45315
316,108.84582
324,113.193855
327,98.77177
329,92.481964
330,109.82651
337,97.52471
338,95.33688
339,98.89307
340,93.78304
343,93.20344
345,115.615135
346,96.69267
347,112.25853
349,110.217155
350,94.51906
352,104.329124
353,91.9766
354,91.63972
357,95.85776
358,107.99492
362,108.058846
364,103.943924
365,101.2644
366,103.55069
367,106.840454
368,93.813576
370,80.59908
373,98.553986
377,93.51574
378,107.91852
382,105.04142
384,110.12895
390,96.9405
392,112.04189
393,112.95217
395,94.39977
396,96.97934
399,80.22681
406,109.3904
408,109.3904
409,95.30473
410,80.740456
412,112.54927
413,89.34558
419,100.148384
420,105.90809
421,89.859985
430,106.95135
434,93.45254
436,95.127266
437,102.274055
438,90.48154
439,111.370964
440,101.61885
443,101.678276
446,94.974884
448,93.144165
452,94.63855
453,108.677765
457,99.624596
458,94.86779
459,114.292625
460,103.84888
462,103.81809
464,101.27095
465,117.00962
467,112.43397
471,107.5496
472,76.87097
473,105.5684
475,95.72773
480,102.52648
488,105.9111
490,109.322105
491,104.84253
492,83.26164
493,98.054474
497,94.28906
498,107.52902
499,94.25391
500,100.99676
501,95.12071
502,111.76709
506,86.861305
510,107.878914
511,90.63467
512,93.48892
516,93.57225
518,97.64074
519,112.25853
521,92.00541
522,111.58966
526,114.34085
529,106.52117
532,112.187004
533,94.61285
536,111.69897
537,94.59564
539,94.91084
540,105.764755
541,96.86959
543,93.681366
546,109.648476
547,99.01305
548,91.13819
551,94.757545
552,107.793724
556,101.321815
557,100.90955
558,106.840454
559,94.183945
560,106.075294
562,105.53889
566,98.418594
570,107.52902
571,102.274055
572,100.53227
573,93.76564
575,117.00962
576,108.76475
577,95.431076
579,91.052826
580,112.719574
581,108.9899
589,109.322105
591,101.30157
593,94.95947
594,105.11652
595,95.144684
598,94.9891
602,106.82444
604,112.30218
606,107.28645
608,103.67407
609,105.93021
610,96.72629
616,108.405785
617,94.186584
618,106.95469
620,107.089355
622,102.2479
623,89.10229
624,109.38844
626,113.08631
628,112.77101
629,97.24203
630,109.6582
637,91.802704
638,101.04492
643,105.693985
645,102.52648
646,111.71683
648,94.82454
652,100.83132
653,100.705475
654,107.52902
656,111.08091
657,104.90481
659,100.12289
660,109.68006
663,93.09993
664,110.148636
666,107.43822
668,105.25694
669,93.923294
671,94.879196
675,90.21674
677,97.0588
678,107.28818
679,103.86851
682,106.76318
685,108.04056
687,96.60411
688,94.72592
693,112.08207
696,98.68884
698,94.10453
701,100.112236
704,98.07405
705,116.96969
709,104.271194
710,98.72095
711,108.20585
712,99.03062
714,110.729866
715,90.53533
716,109.217636
717,94.9914
720,115.75542
721,93.2262
724,105.803444
725,95.21852
726,101.30961
728,110.91503
731,97.74936
734,111.24239
738,93.14665
745,105.91616
746,92.38059
751,78.234795
754,95.93751
756,98.98848
758,98.18593
759,109.2882
761,117.43427
766,99.52732
767,107.04011
768,89.15498
769,113.0935
770,97.9733
771,83.26164
772,107.53522
773,96.24145
774,103.442245
776,110.20254
777,104.255394
780,113.5062
782,105.65849
787,103.27079
788,94.91084
792,90.63708
793,114.06025
798,109.41733
800,91.04208
806,109.217636
809,110.729355
811,107.22914
812,95.63384
814,117.00962
816,108.6297
817,93.94143
818,108.77837
820,99.448494
823,95.24761
829,93.988495
830,112.7601
831,92.06367
834,110.37407
839,103.10724
841,83.52192
844,104.69453
845,94.683685
848,91.84253
850,117.1728
851,106.82454
852,97.31181
854,93.207016
855,104.54056
856,110.9565
859,102.56898
861,103.442245
864,93.32793
865,104.22024
866,91.88908
867,98.4425
869,96.44569
871,92.76062
872,109.217636
882,103.425186
883,93.45254
885,94.77466
888,98.77177
893,107.50173
901,107.4889
903,104.73627
904,93.47965
905,108.34164
910,100.24765
911,113.02382
914,110.94658
918,107.67051
921,91.40373
928,96.80796
929,109.12188
932,103.159454
933,96.37788
934,100.24765
935,108.71142
937,80.1024
939,94.263504
940,105.761795
941,99.705765
942,105.89734
943,92.583954
944,105.09179
947,109.217636
949,109.41756
951,103.90924
952,94.2048
953,104.73627
954,77.02082
957,110.2249
959,89.88115
960,110.4676
963,117.00962
965,109.217636
967,109.167885
971,94.71228
972,77.448204
973,91.75405
974,110.90383
975,100.13457
978,107.09638
980,96.30872
981,93.79131
984,110.681496
986,100.24765
988,89.15498
989,107.37582
990,106.86055
992,107.4889
996,103.51983
999,109.50244
1000,103.745834
1001,104.22024
1002,90.34182
1003,110.20254
1004,90.41182
1008,110.84097
1009,102.94309
1010,106.99685
1012,110.32835
1013,94.953064
1014,107.66374
1015,94.22129
1016,116.77741
1019,93.84121
1020,107.56902
1021,100.24765
1022,98.39335
1024,100.24765
1025,92.581795
1027,96.00163
1028,109.91149
1029,98.44649
1030,100.53705
1033,110.37326
1036,101.92178
1037,107.29314
1038,91.52185
1042,94.263504
1043,106.078995
1044,96.05266
1045,111.040085
1047,114.71812
1050,94.54167
1051,108.40989
1054,94.86779
1056,93.79131
1057,95.12396
1059,94.022545
1062,106.093025
1063,101.062454
1064,93.79131
1066,94.79043
1070,113.275894
1076,110.677185
1077,98.91339
1078,111.26535
1080,108.42317
1082,100.70728
1083,99.06146
1089,105.98977
1091,98.77177
1093,96.39943
1097,94.16178
1099,96.60894
1101,100.048805
1103,100.84658
1104,112.06895
1106,105.992325
1109,93.31456
1110,110.09878
1111,106.83346
1112,109.744385
1114,94.50797
1116,96.33964
1117,108.57101
1120,100.9053
1124,111.63235
1125,94.12161
1126,113.550995
1134,107.68703
1137,91.48211
1138,111.50094
1144,111.059044
1145,95.144684
1146,92.49445
1148,101.090645
1150,98.714645
1152,104.69453
1153,101.73031
1154,106.23654
1155,94.86747
1157,97.834305
1162,95.833626
1165,110.82505
1166,96.45937
1167,102.13093
1168,103.314575
1169,102.56898
1171,118.59853
1172,102.93477
1173,102.56898
1174,97.75798
1176,106.33044
1177,108.535446
1178,96.151436
1182,111.834724
1186,101.78707
1187,106.008255
1188,92.64867
1189,113.459175
1191,106.63052
1192,95.45134
1197,111.730515
1198,94.44631
1200,79.666664
1201,94.12668
1203,97.92203
1209,117.00962
1214,107.79481
1218,111.30804
1222,99.12864
1226,98.44047
1228,96.934235
1230,102.85675
1232,79.450584
1233,108.63389
1236,112.84045
1238,100.58795
1241,111.059044
1244,98.803764
1246,102.8913
1247,101.65509
1250,104.52229
1251,99.39368
1254,105.26563
1255,98.4076
1256,109.52246
1257,98.10675
1258,111.42023
1259,111.912605
1260,94.109695
1263,112.18089
1267,79.63194
1268,110.24986
1271,97.05739
1272,108.06309
1274,105.463356
1275,95.833626
1276,108.971245
1277,90.29455
1279,92.49445
1281,98.20553
1282,92.64867
1283,106.038734
1285,104.94157
1286,94.22386
1289,112.2957
1296,98.03644
1299,101.71022
1301,103.51983
1306,89.435844
1307,95.45994
1308,93.81926
1313,108.971245
1314,95.40768
1315,110.09878
1316,92.626656
1317,108.533424
1319,92.56344
1323,106.99901
1324,109.165245
1325,96.21282
1328,102.588844
1329,92.00921
1330,103.42428
1331,100.60266
1332,104.49355
1337,101.35031
1338,99.19345
1339,93.17629
1340,101.81667
1343,106.522606
1347,111.10504
1348,96.96293
1349,107.77061
1352,94.31874
1354,103.53352
1359,111.952126
1360,100.88527
1363,108.644104
1364,99.54004
1365,103.29112
1366,101.7212
1372,98.85883
1375,97.703224
1376,97.75569
1378,95.79385
1379,108.06602
1380,100.93954
1381,102.04309
1384,109.39964
1387,100.43826
1388,106.73855
1392,75.50903
1394,102.1087
1395,94.75807
1396,109.69586
1398,96.6949
1399,109.69586
1400,91.39357
1401,92.805176
1403,101.3744
1404,97.93411
1406,109.69586
1407,94.08954
1408,111.98719
1410,80.45127
1412,109.4425
1413,93.199356
1415,96.995575
1420,111.98719
1422,110.28071
1423,101.39143
1424,111.98719
1425,98.510185
1426,80.45127
1427,102.36233
1429,96.99974
1430,108.199165
1431,103.35176
1432,101.456726
1434,109.38141
1437,94.12927
1438,105.104454
1440,109.73973
1441,106.25932
1442,95.37349
1444,107.707115
1445,96.436226
1446,104.580345
1448,93.86461
1453,92.98642
1454,109.4425
1455,92.935455
1456,107.24861
1458,109.4425
1459,94.726105
1461,96.61555
1465,100.43826
1466,110.44851
1469,106.58666
1472,92.98642
1474,97.22898
1477,108.38642
1479,107.01115
1482,109.5271
1483,78.150986
1487,94.49433
1488,105.09805
1490,115.2119
1492,105.28541
1494,117.99951
1496,98.84766
1497,98.403786
1499,103.97594
1502,94.41696
1507,103.4064
1508,94.31874
1509,102.51407
1511,92.80365
1512,107.663284
1513,116.635605
1514,99.583275
1518,112.60552
1519,91.66263
1522,111.34578
1524,78.3987
1527,95.37349
1529,94.73068
1532,106.57543
1536,113.25625
1537,117.0958
1539,101.7413
1542,111.691826
1543,97.75569
1544,105.50392
1545,79.96184
1550,94.82573
1551,102.75117
1554,114.86922
1556,109.06361
1559,94.28359
1560,77.802216
1562,99.00946
1566,91.68253
1567,112.079506
1569,105.074066
1570,110.19863
1571,108.73647
1574,94.31874
1578,106.93828
1580,93.240074
1583,104.72302
1584,94.31874
1585,106.69383
1586,104.43249
1587,112.573
1588,95.33544
1590,115.99636
1592,104.476036
1596,95.57414
1598,106.74161
1599,95.62583
1604,108.96885
1606,102.44183
1607,93.199356
1608,99.22786
1609,117.12679
1611,97.01172
1613,95.81032
1616,97.96206
1619,108.48673
1620,93.78134
1621,112.09186
1622,98.58543
1625,108.841255
1627,117.12679
1629,102.68379
1634,98.15288
1636,95.28912
1638,107.679794
1639,97.46506
1641,101.51697
1643,95.10946
1644,103.09189
1645,117.83379
1646,104.28267
1647,113.603386
1648,95.90109
1652,93.240074
1653,113.32496
1656,95.84275
1658,95.62583
1659,108.90813
1661,101.70846
1663,93.199356
1664,104.62988
1665,95.262405
1666,109.06361
1667,101.01949
1668,79.69018
1669,101.98085
1670,95.27814
1672,112.77173
1674,104.723564
1677,105.09805
1678,92.46412
1679,111.6201
1680,101.13197
1683,110.27615
1686,103.941444
1687,109.9773
1689,106.541824
1690,97.05067
1691,115.742485
1692,113.53237
1693,94.31874
1695,96.33557
1696,92.98642
1697,108.91347
1700,109.06361
1701,97.01647
1702,112.573
1703,92.299416
1704,105.26963
1706,96.2797
1707,109.437035
1708,97.139854
1710,92.72777
1711,105.942345
1713,101.1149
1717,109.34178
1719,106.93828
1720,96.378006
1722,95.66586
1725,104.47709
1726,96.335976
1727,101.321594
1729,105.49529
1730,91.24081
1731,107.46619
1733,109.06361
1734,94.85827
1735,110.28071
1738,95.81032
1742,103.70562
1745,104.723564
1747,95.312836
1749,100.71966
1751,97.41497
1752,77.836716
1753,102.3966
1754,96.08873
1755,94.57771
1756,102.442764
1758,106.2414
1759,92.56354
1760,106.92308
1761,108.89284
1762,92.01769
1763,105.869446
1764,109.077484
1766,101.48844
1768,92.818375
1769,80.38308
1771,109.43038
1772,97.7295
1773,109.55646
1774,99.043076
1775,108.43777
1777,111.52954
1779,92.56354
1780,107.07997
1787,92.299416
1788,94.85236
1790,95.80592
1796,112.97872
1801,90.42745
1803,94.04568
1807,112.35503
1809,106.16678
1812,97.43556
1813,109.35486
1814,101.87706
1815,110.1683
1816,96.01785
1818,93.1824
1820,92.38277
1821,115.61259
1822,95.62502
1825,96.2911
1826,106.5948
1828,95.94859
1831,103.96776
1836,100.85526
1837,95.14452
1841,97.22898
1844,104.07154
1848,89.817
1851,101.7413
1852,94.65607
1853,93.87263
1854,97.495964
1856,103.154945
1859,106.16678
1860,98.034096
1861,78.212265
1863,110.43834
1865,96.64526
1866,104.15887
1867,95.48513
1868,92.719284
1872,95.47161
1879,98.09183
1880,107.08347
1882,97.23358
1885,110.13673
1887,104.22703
1888,94.74245
1890,103.85556
1894,96.65699
1895,102.081215
1896,93.14907
1897,109.77647
1900,109.80791
1901,94.28359
1902,107.4445
1905,99.00266
1906,107.95189
1912,106.672104
1915,96.642715
1916,107.124054
1917,93.800865
1918,104.29867
1920,78.48707
1923,100.88078
1924,103.06751
1925,96.31484
1930,117.12679
1932,114.56467
1933,111.50924
1934,110.73021
1935,93.898636
1940,80.45127
1941,98.02516
1942,115.65711
1943,107.27755
1944,92.610466
1945,101.392784
1948,117.0958
1949,92.58587
1952,99.19059
1954,94.10609
1955,117.00489
1958,96.353424
1959,84.25631
1960,105.869446
1963,96.25877
1965,102.76754
1968,103.02841
1969,99.54004
1971,96.52589
1972,110.98998
1973,92.650734
1975,91.76841
1977,101.6925
1978,96.93405
1979,108.91966
1981,92.37134
1982,110.30559
1987,110.65616
1988,91.68253
1993,104.01437
1997,92.695335
1999,95.60745
2001,95.597664
2002,115.10298
2003,100.79713
2004,78.20823
2006,111.244
2007,94.63482
2009,106.92308
2010,93.70183
2013,102.52563
2018,78.98809
2022,98.5321
2024,107.003944
2025,97.310875
2026,103.63732
2030,106.85318
2031,95.594284
2032,106.672104
2033,95.98499
2035,99.566925
2036,113.4598
2037,92.59312
2040,95.65998
2043,110.52903
2044,126.333336
2046,106.163345
2054,109.47979
2055,95.092735
2056,107.07997
2059,95.28656
2060,94.28359
2062,93.0882
2063,108.82425
2066,96.65699
2067,116.58356
2072,101.311134
2073,107.94584
2074,108.83297
2075,99.84869
2076,96.57396
2080,95.926125
2082,94.28359
2085,99.50172
2087,107.740105
2091,108.07127
2092,95.717026
2093,107.07997
2098,100.823395
2101,105.869446
2102,93.12127
2103,80.45127
2105,104.23583
2106,93.50718
2107,100.725624
2110,96.920456
2114,98.25394
2115,113.58913
2117,86.98287
2118,95.99569
2119,105.82533
2120,96.97506
2122,103.00292
2123,112.96469
2126,94.75327
2127,107.55289
2128,97.484764
2129,110.64526
2132,111.078575
2135,105.247284
2138,104.159996
2139,117.12679
2141,110.472084
2142,94.089874
2146,97.72121
2151,110.59038
2157,105.200554
2159,101.092896
2162,92.75826
2164,116.91402
2167,95.25322
2168,110.536255
2171,98.05276
2173,95.18527
2174,104.95484
2175,94.733406
2178,93.829254
2180,96.186584
2185,111.32458
2189,93.76371
2190,112.12167
2192,102.66991
2194,112.34723
2200,104.608055
2201,98.239204
2203,107.89554
2204,97.1605
2205,110.29923
2209,109.69989
2213,103.14295
2214,94.210526
2215,108.73703
2216,98.30966
2218,94.64108
2219,109.97618
2220,101.61923
2222,98.72928
2223,105.19811
2225,110.17349
2226,94.918434
2230,100.82576
2233,111.11731
2234,106.79536
2235,97.1605
2236,77.42061
2237,92.47957
2240,116.18214
2241,95.80369
2248,104.23624
2249,96.40964
2250,101.29998
2252,110.06333
2253,99.7743
2254,111.517105
2256,79.21022
2258,94.609566
2259,102.2302
2262,96.869644
2265,94.40717
2266,103.9417
2269,99.51793
2271,104.05048
2273,95.029655
2274,108.35388
2275,98.132454
2277,98.61734
2279,97.1605
2280,77.16947
2282,96.186584
2283,102.29656
2288,96.06541
2289,108.06469
2291,96.03491
2292,117.681786
2297,109.1609
2298,106.20069
2299,98.28604
2300,111.287994
2301,92.693886
2304,94.156746
2305,101.72948
2306,96.869644
2308,94.01025
2309,100.848434
2311,104.79923
2312,99.9491
2316,103.08565
2321,104.16005
2322,106.535904
2325,106.06065
2326,93.653
2329,117.681786
2330,99.02996
2331,101.62009
2332,110.647125
2333,96.869644
2334,104.228325
2335,111.21452
2337,105.32337
2338,105.11548
2340,110.647125
2342,105.48067
2345,92.56803
2349,95.11869
2351,78.055374
2352,95.85715
2354,109.13673
2355,112.57592
2357,110.17349
2358,96.595184
2360,95.36085
2361,109.13673
2364,95.31922
2366,99.11934
2369,98.523026
2370,94.90309
2371,110.265854
2373,102.3917
2374,105.02832
2376,112.5027
2378,107.16127
2382,103.68128
2383,93.32524
2386,107.77631
2387,99.731224
2389,97.99214
2390,104.75692
2392,93.34469
2398,110.647125
2399,94.67491
2400,99.15619
2401,110.34629
2402,97.48872
2404,99.67905
2407,103.937706
2408,101.28976
2409,104.99095
2412,85.45343
2413,101.444534
2415,94.54043
2420,101.29941
2422,99.2113
2423,103.52582
2426,93.75579
2432,98.6754
2434,91.532425
2435,95.69033
2436,109.8986
2438,106.48917
2440,106.22052
2443,101.276924
2444,91.69047
2447,104.23624
2450,94.54458
2454,104.35551
2455,108.545395
2459,96.869644
2460,103.16948
2463,96.56828
2465,98.66079
2468,80.32757
2469,96.44099
2474,94.925446
2478,95.01314
2480,90.179
2481,116.18214
2489,96.186584
2490,101.60963
2492,94.11112
2496,96.869644
2497,99.86702
2500,95.82817
2505,95.872635
2507,99.16829
2508,110.29923
2509,94.63529
2510,77.231995
2513,91.17137
2515,96.186584
2518,93.32524
2519,103.99416
2520,93.32524
2521,107.711685
2523,100.664955
2525,96.57884
2529,110.29923
2530,96.38226
2533,105.058846
2535,92.30785
2538,100.130295
2544,106.635635
2553,110.54231
2556,93.95733
2558,92.21144
2559,110.79225
2560,94.44866
2561,108.8092
2562,97.26379
2563,106.98055
2564,91.30675
2565,112.11982
2567,99.01435
2572,94.340126
2575,97.116516
2576,113.22716
2577,96.30613
2578,97.38821
2579,108.53309
2580,93.230484
2582,103.961174
2583,91.950424
2587,90.764175
2589,109.229546
2590,97.10753
2591,110.29923
2594,96.55752
2597,96.771576
2598,105.16551
2599,95.599686
2600,100.70911
2602,115.841064
2603,94.340126
2604,96.66036
2606,100.14066
2607,77.93544
2608,101.132866
2613,110.29923
2614,102.84374
2615,111.14185
2617,109.11891
2620,100.85348
2623,108.209076
2624,99.07693
2627,110.29923
2629,77.93544
2630,94.98607
2632,101.76054
2636,95.95667
2639,105.30352
2640,108.94684
2642,110.29923
2644,107.28757
2646,98.99752
2647,97.1897
2649,93.95573
2650,102.73073
2652,108.202
2653,97.968834
2655,101.622986
2657,111.649635
2659,107.33333
2662,93.03112
2663,116.18214
2664,96.34862
2665,101.99968
2670,98.820526
2671,108.286705
2672,91.25896
2675,108.202
2677,110.290215
2679,99.226456
2683,108.52166
2684,96.74027
2685,104.88393
2688,108.11562
2689,104.14091
2690,103.03767
2693,102.08823
2694,108.01605
2697,104.3603
2699,96.24312
2703,94.96531
2705,107.22297
2709,84.3105
2710,94.56588
2711,108.1485
2712,97.144585
2713,98.23761
2714,108.55454
2715,97.64107
2717,93.61131
2718,111.03169
2720,107.05912
2721,96.413055
2726,102.25342
2728,92.16964
2731,104.35703
2732,109.83084
2734,96.163795
2736,103.43849
2737,96.55116
2738,104.561424
2739,100.367516
2746,95.058586
2749,105.889496
2751,117.977196
2752,101.50366
2753,96.829765
2757,101.67953
2758,95.729004
2759,110.332695
2760,103.08627
2762,110.51761
2764,93.47522
2765,108.383644
2769,106.7044
2771,106.44453
2774,93.68929
2776,92.91241
2777,99.40839
2778,97.21289
2779,106.158936
2782,94.445335
2784,94.07952
2787,94.994736
2789,96.81167
2792,98.181656
2798,96.02149
2799,101.96643
2800,95.63141
2801,77.4859
2802,94.30514
2804,97.03567
2807,103.4351
2808,100.292755
2809,99.82594
2811,116.93071
2812,95.17815
2814,93.51396
2816,98.7344
2817,109.45312
2818,100.5664
2820,101.40331
2821,84.17949
2822,97.16165
2823,110.57028
2824,96.52715
2826,97.51619
2829,97.9897
2834,96.39951
2835,79.441505
2838,94.54991
2839,109.272095
2840,92.07429
2841,105.81076
2842,96.869644
2846,113.32117
2848,101.478195
2849,93.74329
2850,108.55454
2851,92.861755
2853,98.31184
2854,110.29923
2858,101.023705
2861,104.30444
2864,94.13228
2865,116.18214
2866,102.997986
2867,92.194756
2868,113.46165
2870,108.314865
2877,101.65385
2878,110.29923
2880,112.73881
2882,77.87655
2883,98.29056
2884,104.15864
2885,98.36585
2887,96.243835
2888,109.26986
2889,91.57538
2890,104.68141
2891,103.59228
2892,117.18057
2893,93.98745
2898,107.28437
2899,100.34546
2900,109.48826
2901,93.265015
2909,105.46564
2910,111.63114
2911,120.45055
2913,97.392044
2914,104.37302
2918,97.38704
2919,107.958755
2920,92.47711
2921,110.29923
2922,99.23913
2923,102.85702
2925,107.29727
2926,93.230484
2927,110.227104
2929,113.52037
2933,95.68242
2934,106.54094
2936,101.576706
2941,96.95448
2942,95.70283
2943,109.1962
2945,102.34616
2950,95.153496
2951,108.188774
2953,106.60991
2954,99.98733
2955,106.17521
2956,101.07627
2960,105.19948
2962,97.031006
2963,104.70108
2964,106.213066
2966,77.16947
2967,95.99729
2968,98.053604
2969,91.510704
2971,92.59463
2972,108.21661
2974,94.0365
2975,106.68541
2977,117.99951
2980,108.20292
2981,89.106735
2983,102.781456
2984,99.16071
2985,117.681786
2986,96.78643
2987,108.21661
2989,96.61466
2990,107.70404
2991,113.2407
2992,80.25938
2995,104.3603
2996,97.90336
3002,111.4021
3004,108.55673
3005,118.23939
3006,95.43055
3010,99.487335
3011,104.13401
3014,93.230484
3015,95.2531
3016,94.12927
3017,100.615814
3018,93.83472
3021,103.14882
3024,105.16551
3028,97.51475
3030,94.517235
3032,93.85974
3039,94.070076
3040,103.98926
3041,98.345215
3043,109.05686
3044,113.3694
3046,105.76286
3055,96.6752
3056,109.22584
3058,93.29675
3059,106.48512
3061,117.0958
3063,106.11607
3066,95.28467
3067,105.16551
3068,77.565765
3069,96.413055
3072,116.37726
3073,112.70143
3074,96.085266
3077,97.0549
3082,101.340385
3084,104.3603
3085,102.22387
3088,107.28757
3091,96.175476
3092,111.649155
3093,99.39632
3094,104.35703
3096,110.86487
3097,91.24052
3098,78.14374
3102,116.72426
3106,93.99074
3109,96.176765
3111,93.87043
3112,118.23939
3113,96.94907
3115,101.311134
3116,106.656975
3117,97.83206
3121,103.5058
3122,95.14231
3123,95.644356
3124,101.51557
3125,94.12927
3126,100.17765
3127,115.742485
3129,92.81493
3130,113.537834
3132,107.224464
3134,107.497505
3135,104.65084
3137,76.16674
3138,123.44229
3140,106.98971
3144,105.39095
3145,105.04127
3146,111.14185
3147,95.856514
3148,103.369804
3149,105.35969
3150,111.62466
3151,96.22438
3152,96.16616
3155,101.49164
3156,108.55454
3159,92.92713
3161,98.55603
3162,107.40086
3163,96.1321
3165,102.0742
3172,103.0581
3173,99.296234
3176,91.746704
3177,107.32174
3179,106.68541
3183,94.25711
3186,94.80721
3187,98.332306
3189,106.35966
3190,97.749115
3192,115.742485
3193,103.0581
3194,112.76534
3197,95.61879
3198,95.76318
3200,101.32403
3201,118.471245
3202,95.76318
3204,95.872635
3205,93.35921
3206,104.90634
3208,104.422386
3210,103.01798
3211,100.31081
3212,117.0958
3213,98.27518
3214,105.0908
3216,104.79346
3219,93.113266
3220,110.82888
3221,96.94907
3226,107.46713
3227,106.19349
3228,98.13149
3229,98.53865
3232,80.32757
3233,94.04415
3234,95.63367
3236,99.61196
3238,110.37567
3239,109.298096
3240,93.44451
3247,109.231606
3249,104.84884
3252,109.93582
3253,98.81544
3254,104.207214
3255,99.11001
3256,109.626175
3257,95.1422
3262,104.836
3263,108.202
3264,101.07627
3266,112.657845
3267,101.57976
3269,97.20514
3272,117.681786
3274,95.61879
3275,105.15923
3277,101.98265
3279,98.96552
3280,107.210396
3283,95.48436
3285,96.243835
3287,103.2244
3288,105.16551
3290,100.11908
3291,92.426735
3298,108.163956
3299,95.739876
3302,106.829254
3303,94.781425
3304,104.1298
3307,94.39494
3309,99.74694
3314,77.28821
3316,110.87356
3317,97.84888
3319,95.90713
3320,107.64437
3321,94.90435
3322,102.61599
3324,92.90389
3326,96.89161
3329,100.74919
3330,91.38604
3331,111.3143
3335,117.18057
3337,96.85083
3338,98.677284
3339,98.05699
3340,112.51448
3341,96.21988
3343,94.46045
3346,92.0517
3348,92.87231
3351,105.16551
3352,117.8265
3355,91.94458
3356,110.24283
3358,104.52141
3359,93.904274
3360,102.52624
3371,96.51569
3372,96.28739
3374,96.59476
3377,108.15939
3378,93.25335
3380,107.091934
3382,100.60823
3386,96.85489
3389,102.8633
3391,106.04738
3393,96.675224
3394,106.80134
3395,93.74847
3397,110.29923
3398,103.01556
3399,82.90405
3400,94.714
3404,104.889595
3407,110.81584
3409,101.1149
3419,101.79245
3421,97.620445
3425,94.693825
3427,80.736496
3428,117.681786
3429,108.279274
3431,96.36205
3435,93.76439
3436,109.368164
3439,97.16498
3441,101.119865
3442,117.681786
3443,102.18539
3444,105.33454
3445,94.29768
3446,108.12547
3449,94.28359
3453,97.20195
3457,103.050766
3460,103.48059
3461,106.56109
3462,93.19907
3464,106.11607
3465,77.565765
3466,96.07801
3467,104.64228
3468,96.64315
3469,103.28862
3470,95.24259
3472,110.29923
3473,99.539444
3475,94.06069
3476,108.954254
3478,106.53184
3479,94.16717
3483,94.74715
3484,107.79131
3485,100.78576
3487,94.008736
3488,108.36842
3496,111.8996
3497,99.21261
3499,103.35176
3500,77.22265
3501,97.38976
3504,92.850105
3508,101.73836
3511,95.83976
3512,108.72768
3515,92.39097
3517,95.38801
3518,96.63848
3526,108.426315
3528,113.42249
3529,99.697624
3530,115.616264
3531,92.61612
3532,103.96209
3533,96.185295
3534,95.271996
3535,77.591095
3536,98.64155
3537,110.85909
3538,92.164055
3539,102.694016
3540,103.0472
3545,107.583824
3546,92.21931
3550,107.6115
3551,103.57594
3553,96.385284
3554,103.48059
3557,92.47957
3558,108.81206
3559,94.28359
3561,92.35426
3562,110.29923
3563,96.95365
3564,105.16551
3565,94.29768
3567,94.52854
3571,105.16551
3572,97.76658
3574,109.664246
3576,95.47697
3577,106.30821
3578,94.96396
3579,93.66104
3583,95.33999
3585,103.36234
3586,106.05692
3587,112.908424
3593,93.605446
3594,104.28893
3595,94.25025
3599,95.93958
3600,105.98532
3601,110.29923
3602,94.28359
3604,99.0978
3609,118.28946
3610,107.65699
3612,110.16873
3614,99.24575
3615,94.83165
3617,101.459854
3618,111.399
3619,111.23345
3620,108.63283
3621,96.0415
3625,104.85857
3626,102.51121
3630,102.27044
3631,107.45965
3632,96.394104
3633,93.68848
3634,109.85569
3637,98.66883
3639,93.62691
3640,108.26091
3641,92.974525
3644,111.62467
3645,98.60663
3646,93.0579
3647,92.1432
3648,110.6806
3653,112.91096
3654,100.17175
3655,109.24973
3659,101.92655
3660,97.057
3662,107.08273
3666,101.01947
3668,99.54262
3671,99.70528
3673,94.34824
3674,105.26133
3675,96.68654
3681,93.82248
3682,113.59575
3686,105.0908
3687,94.252525
3692,79.11206
3695,109.67706
3696,97.68398
3699,109.03761
3705,117.43199
3707,80.45127
3708,95.54822
3709,112.08039
3710,97.261406
3712,97.00073
3715,113.48297
3716,94.49324
3720,103.6754
3722,80.45127
3726,92.160995
3728,98.25065
3729,117.57504
3731,103.82467
3735,109.90045
3736,100.15861
3739,102.398926
3741,111.37128
3743,106.32395
3744,95.80592
3745,114.06743
3746,103.54236
3751,97.70589
3753,96.173355
3760,113.01199
3761,96.9095
3762,109.12809
3763,93.327896
3765,93.060394
3768,109.03592
3769,93.521095
3770,94.60158
3773,111.41159
3774,101.05846
3776,97.54145
3778,95.88809
3779,109.66869
3780,95.86788
3781,101.431725
3782,104.43698
3783,110.06159
3784,102.195854
3786,92.75157
3789,102.78296
3790,98.047
3793,110.092285
3795,112.86757
3797,96.15209
3798,117.74123
3800,108.86801
3804,100.60517
3810,99.74241
3815,113.03972
3816,100.60517
3818,104.87607
3824,110.29923
3828,101.4685
3830,109.18249
3831,95.900635
3832,77.836716
3834,113.72451
3835,96.09368
3836,108.74137
3838,95.597664
3839,117.0958
3840,111.34606
3845,94.6042
3846,109.67545
3847,96.257484
3849,77.51994
3853,107.142265
3855,107.07997
3856,96.94058
3864,83.80399
3865,99.49742
3866,115.03544
3867,106.91625
3868,108.86801
3869,95.543365
3871,96.154976
3875,109.492134
3876,98.08123
3878,92.1891
3879,111.43435
3881,108.86801
3883,104.096565
3884,95.662224
3886,109.50112
3890,101.65127
3893,108.18103
3897,100.65557
3901,96.48178
3902,105.869446
3913,106.522606
3914,93.60344
3916,92.81454
3917,111.38358
3924,102.332306
3925,94.94977
3928,94.957245
3929,114.1866
3932,94.94057
3933,109.15484
3934,78.779755
3935,93.27548
3936,97.85755
3937,108.45756
3938,89.84731
3939,102.12977
3943,91.86612
3944,110.544876
3945,111.019936
3946,100.81601
3947,108.61723
3948,96.10943
3949,110.98361
3950,95.49438
3951,103.673325
3952,92.7891
3953,99.80147
3961,114.92939
3962,92.627655
3966,97.88918
3967,107.664825
3968,101.91935
3969,111.83234
3970,101.13866
3971,100.65442
3973,98.238945
3974,111.27765
3975,114.605156
3977,94.906456
3979,103.983604
3985,104.49069
3986,108.59134
3988,101.74933
3991,93.750275
3992,105.41592
3993,104.251495
3994,98.33964
3995,114.267586
4005,103.417015
4007,97.08476
4008,109.03431
4009,98.47261
4010,106.317
4011,78.75819
4012,95.308365
4013,102.27214
4015,103.15288
4016,105.389824
4018,102.01189
4025,95.16468
4026,102.75142
4028,108.72296
4029,97.078156
4031,97.784134
4032,111.305275
4033,98.018845
4034,107.01626
4037,103.52398
4038,105.19616
4039,95.233505
4041,95.80195
4042,103.98289
4043,96.437454
4044,109.15484
4045,94.142746
4046,107.16027
4047,95.798935
4048,101.603516
4049,105.94402
4051,92.88817
4052,113.00108
4058,103.32061
4062,113.37412
4064,105.92214
4067,97.08491
4068,77.73169
4070,101.96496
4072,118.72814
4074,110.18397
4075,95.61714
4076,109.66044
4077,95.96306
4078,104.17224
4080,109.15484
4082,100.93903
4085,92.57394
4086,101.12451
4088,102.75142
4089,98.74529
4092,77.29589
4094,100.747635
4095,109.94755
4096,100.69887
4097,109.60116
4102,103.52537
4105,105.79403
4107,110.172165
4111,101.78992
4112,103.79123
4113,92.74224
4114,105.74483
4115,94.74741
4116,109.030365
4117,97.154785
4118,94.3368
4119,108.54506
4120,94.616684
4122,79.70173
4125,92.35463
4126,111.48875
4129,110.015945
4134,107.77319
4137,93.326225
4141,101.57897
4142,99.53703
4144,99.00068
4145,102.332306
4146,105.50578
4150,98.008026
4151,80.3608
4154,97.08491
4156,92.66434
4157,105.43241
4159,105.389824
4160,95.04375
4161,108.790375
4168,95.382484
4171,107.806656
4172,109.61646
4173,98.108154
4175,92.02616
4176,109.15484
4177,99.00068
4178,99.79006
4179,106.277374
4181,104.706215
4183,97.078156
4184,107.586296
4185,92.04857
4186,111.477135
4188,102.792336
4190,112.32167
4192,92.69932
4193,105.03701
4194,110.482155
4195,106.0283
4196,78.17636
4202,97.80318
4203,99.40258
4208,89.828705
4209,111.50974
4210,100.536766
4211,106.754684
4212,117.11865
4214,105.65719
4215,95.69632
4216,104.25023
4217,92.71298
4219,92.77437
4222,108.45756
4224,77.45926
4231,106.22477
4232,97.078156
4234,102.98082
4236,99.00068
4237,104.46532
4240,96.881905
4242,99.37544
4243,92.7548
4247,92.70184
4248,115.63333
4249,100.48145
4254,105.47003
4263,93.243004
4265,114.25433
4267,109.32388
4268,111.58025
4271,108.66415
4272,99.47849
4273,108.05683
4274,95.82914
4276,92.521034
4278,100.36841
4280,95.794495
4281,111.1426
4283,100.67128
4284,110.390335
4285,110.73815
4286,106.41618
4287,97.72607
4288,120.21915
4289,95.23734
4290,86.575554
4293,94.967545
4296,111.439354
4297,93.60016
4299,94.455345
4303,108.398964
4310,101.23664
4312,104.01141
4318,105.47154
4320,104.86353
4322,100.19576
4323,114.67473
4325,106.707245
4326,111.03344
4328,110.424805
4330,108.41057
4332,112.25158
4333,100.77845
4335,98.70646
4336,100.48688
4338,104.422745
4341,95.090195
4342,105.19572
4344,103.54567
4347,95.43696
4348,105.59745
4351,106.666725
4352,96.25189
4353,99.1914
4355,105.264084
4356,92.57394
4359,103.838905
4360,98.13135
4361,97.14031
4364,100.104866
4365,103.68481
4368,99.159485
4372,92.79081
4374,91.74447
4376,93.70355
4377,111.799866
4380,93.757225
4383,104.65661
4384,94.91084
4385,99.07185
4389,96.33368
4391,93.42206
4392,106.02911
4393,90.74386
4395,95.61681
4396,110.636154
4398,111.57545
4399,109.86206
4401,89.93005
4406,101.04633
4408,105.84832
4412,105.59745
4415,102.332565
4418,105.920616
4419,91.74447
4420,77.692184
4422,109.915436
4423,91.74447
4425,96.245575
4428,100.65551
4431,108.98776
4434,104.889565
4436,96.86453
4437,111.29993
4439,117.00962
4440,98.14158
4441,110.39997
4444,100.344986
4445,106.044
4446,94.02348
4447,111.10754
4452,109.64868
4456,106.87224
4457,92.87724
4458,98.62807
4460,92.57394
4461,116.77741
4462,96.99065
4465,103.14723
4466,103.67116
4468,98.21467
4469,107.80211
4472,108.19443
4475,93.07303
4478,96.583885
4479,114.53942
4480,94.49316
4483,79.69428
4484,94.688484
4485,108.174286
4486,101.13866
4488,100.552444
4489,111.581825
4490,95.78597
4491,98.91328
4492,93.81163
4493,106.2109
4494,96.3301
4495,99.45862
4498,77.366104
4499,92.14887
4500,102.88212
4503,106.089386
4505,103.18931
4506,96.60536
4507,94.064865
4508,105.47154
4510,110.01026
4511,91.333755
4513,102.364105
4516,80.94444
4519,93.45894
4521,106.43291
4531,92.321815
4532,77.56403
4533,104.71082
4534,104.71139
4536,105.47154
4537,92.87724
4539,95.335106
4542,103.82419
4545,93.11196
4549,90.82606
4551,98.87172
4554,101.71318
4556,105.55005
4559,112.38717
4561,112.42884
4562,108.72309
4566,111.57496
4569,93.54082
4570,110.636154
4573,94.03176
4574,102.405685
4575,98.61157
4577,92.63429
4578,110.03123
4580,100.35993
4582,99.28289
4583,109.915436
4585,95.13063
4587,105.47154
4595,92.65888
4596,105.52867
4601,100.68226
4602,110.20202
4603,93.199776
4605,102.08928
4606,97.007034
4607,110.92008
4608,94.849144
4610,95.48648
4613,108.77263
4617,95.2253
4618,111.4528
4619,91.72406
4620,95.559555
4622,96.95623
4625,92.57394
4626,105.47154
4627,95.56087
4629,84.20444
4631,89.917046
4633,105.47154
4634,111.61317
4635,94.89939
4639,97.58598
4640,106.58988
4642,105.50413
4644,99.000824
4646,105.47154
4647,99.27099
4648,79.24018
4649,93.017845
4650,110.82738
4655,90.82606
4660,94.135414
4661,112.69325
4662,91.395256
4663,113.43099
4665,97.22061
4666,111.738495
4667,105.18925
4668,92.98043
4670,94.47077
4671,103.10597
4672,100.25471
4673,105.927345
4675,108.49336
4676,95.455826
4677,110.4843
4680,97.41875
4682,96.4509
4683,107.65263
4685,105.59745
4686,93.67042
4688,109.82689
4690,103.17355
4692,109.436195
4693,93.32837
4697,91.06935
4700,106.533134
4702,108.91836
4707,117.702446
4708,92.32868
4710,82.94046
4716,103.9126
4717,96.39457
4718,94.80602
4720,96.029106
4721,79.68962
4723,98.16251
4726,110.966125
4727,91.63041
4729,96.44033
4731,97.33926
4732,106.302315
4735,104.97546
4736,106.31059
4737,93.224884
4738,108.48807
4739,111.93307
4744,106.51206
4747,95.02253
4749,109.16038
4750,92.32868
4752,110.544876
4755,101.73314
4756,106.79965
4757,111.561844
4758,95.544586
4759,105.99268
4763,97.40845
4764,107.3645
4765,94.95828
4766,94.59335
4767,100.73506
4769,111.24166
4770,96.26347
4771,79.30298
4772,104.73287
4774,110.482155
4776,102.24232
4777,107.29516
4778,102.11266
4780,96.00906
4784,96.641685
4786,102.77278
4787,77.692184
4788,96.06606
4789,110.544876
4791,104.4821
4792,94.80728
4795,109.191635
4796,89.951385
4803,92.509056
4805,92.49399
4807,94.5402
4809,97.641106
4816,92.526276
4817,82.1396
4818,90.229805
4820,94.80548
4821,105.13238
4823,110.227585
4824,97.878395
4825,113.389854
4829,94.527855
4830,97.80318
4831,110.15179
4833,104.33028
4836,92.06999
4837,109.82689
4838,93.88698
4840,96.539764
4841,80.221176
4842,90.1069
4843,107.94714
4844,93.900635
4849,108.48479
4851,100.94158
4852,95.10771
4858,93.866806
4860,97.80318
4863,111.81985
4864,96.81615
4865,110.41364
4867,97.51988
4868,96.71014
4869,110.76789
4873,93.07552
4875,102.80382
4876,109.59566
4877,98.75652
4878,109.9295
4880,77.41463
4886,113.03828
4888,107.47534
4889,92.94371
4890,108.61534
4893,96.28026
4895,96.01712
4896,102.08513
4899,94.180786
4901,100.27548
4902,110.59333
4903,95.91091
4904,110.544876
4910,92.83742
4912,92.0417
4915,96.97665
4916,106.77458
4917,100.443474
4920,104.73287
4927,105.56015
4928,95.427475
4931,107.37119
4934,93.09472
4936,95.20944
4939,109.27146
4942,111.1793
4943,97.7957
4944,105.73761
4945,96.02542
4947,107.568954
4948,90.82562
4951,94.02303
4952,110.544876
4953,93.849144
4956,95.91091
4957,116.31213
4958,102.21803
4960,95.82809
4968,94.578064
4969,104.157394
4971,107.98902
4973,111.029144
4975,111.63631
4976,95.87124
4978,94.72222
4979,97.99928
4982,97.21807
4983,102.43158
4984,98.48728
4985,117.702446
4986,102.770775
4987,114.25397
4988,99.82946
4994,97.35422
4995,94.08086
5002,80.482735
5004,94.53986
5005,104.03741
5006,98.71261
5007,108.757576
5009,111.12654
5011,111.029144
5014,105.652145
5015,104.5413
5018,98.77282
5019,112.532646
5020,93.758156
5021,105.02232
5022,92.82188
5023,99.5105
5025,97.52462
5032,104.09194
5034,93.09914
5036,92.67224
5038,94.804016
5039,110.22895
5046,99.19224
5049,112.532646
5051,92.326035
5052,93.30312
5053,110.482155
5054,96.20942
5055,92.602394
5057,92.84679
5059,94.295944
5062,99.90764
5063,112.002205
5065,112.10585
5069,95.03761
5071,98.100204
5074,109.24628
5075,92.555405
5076,92.82733
5077,77.73169
5079,106.791115
5080,96.52372
5081,109.98621
5083,104.9544
5088,108.43422
5089,93.93094
5093,101.14612
5094,104.27429
5095,95.04738
5099,105.89761
5101,111.34515
5103,104.866356
5104,94.40186
5105,104.58318
5107,93.70014
5108,105.23551
5109,95.24862
5111,97.877625
5112,110.24127
5113,98.90481
5114,102.75834
5115,95.03501
5118,92.71913
5122,96.20942
5123,80.631966
5125,93.394554
5127,107.08594
5128,98.69053
5129,114.8282
5132,98.71261
5134,110.334564
5135,95.59248
5137,108.58103
5142,94.332954
5143,101.827515
5144,94.22755
5148,94.44788
5149,92.56647
5150,102.332306
5154,77.692184
5155,97.096214
5159,93.52722
5164,94.52417
5165,116.94149
5166,90.675804
5167,106.45372
5169,109.26548
5171,90.27857
5172,110.182816
5176,96.487015
5184,105.10133
5185,106.6923
5186,103.34176
5188,102.86974
5189,105.33098
5190,97.66558
5191,116.94149
5193,110.015945
5196,92.98718
5199,80.578674
5200,108.706856
5203,97.989075
5204,112.70825
5205,98.71072
5207,96.78686
5208,99.15262
5212,97.27835
5214,95.72866
5218,97.53339
5220,100.619545
5222,92.95405
5224,95.44124
5225,104.747826
5227,109.989044
5229,106.83914
5232,92.89998
5233,119.86936
5234,103.170006
5237,110.491234
5239,110.90409
5240,93.46923
5241,114.727455
5244,94.22759
5248,110.84701
5251,91.29105
5253,92.351685
5255,97.3995
5256,96.96391
5257,92.54416
5259,98.166084
5260,107.73944
5266,93.49025
5268,97.73982
5275,109.98621
5276,103.098015
5277,95.707756
5279,95.108696
5280,107.57715
5281,91.98162
5283,104.5407
5284,79.7191
5285,93.747894
5286,102.86241
5287,98.92929
5289,90.50084
5290,110.015945
5292,109.72381
5293,98.48555
5294,103.87153
5297,93.41955
5299,104.06581
5302,93.486176
5305,79.48068
5306,94.959946
5308,99.08604
5309,95.84298
5310,117.65393
5312,110.008286
5316,107.31841
5317,97.52257
5319,80.631966
5320,97.12136
5323,96.877335
5329,100.056564
5331,109.48896
5334,106.3277
5336,110.71724
5338,103.88441
5341,105.88689
5345,95.84501
5348,97.706375
5349,112.84991
5355,110.6995
5356,96.26238
5360,109.163475
5362,105.200935
5364,105.34604
5366,106.42488
5367,96.664925
5368,93.84653
5370,96.94516
5371,77.692184
5373,106.28084
5375,110.491234
5376,97.28826
5378,105.35966
5379,102.06331
5383,95.60944
5384,100.234566
5389,113.398964
5391,78.31169
5393,111.628204
5395,109.9241
5397,109.484215
5398,96.450836
5399,114.03139
5401,119.10435
5402,96.33847
5403,113.63689
5404,95.33364
5407,78.17636
5408,94.44121
5413,110.598785
5414,99.535
5417,97.01867
5418,109.72381
5420,108.106125
5421,93.99559
5424,95.777534
5425,112.70825
5426,102.12304
5429,112.13041
5431,95.72729
5437,104.63962
5440,92.13662
5444,108.218124
5446,105.11644
5447,102.94571
5451,97.13464
5452,106.26975
5455,103.170006
5456,96.0282
5458,92.3311
5459,100.4622
5460,94.44041
5462,97.12515
5463,106.76023
5464,91.20381
5465,111.535355
5466,98.21992
5467,104.38636
5468,106.388535
5469,112.38082
5472,94.30729
5474,94.9016
5475,93.14113
5476,96.61308
5479,106.86704
5480,113.00108
5482,107.119995
5485,91.71454
5486,119.04491
5488,79.50411
5495,106.83914
5496,100.77289
5497,112.20297
5499,109.61866
5503,91.6597
5504,93.7978
5507,98.108154
5509,104.99933
5511,94.22419
5512,110.60155
5516,110.91247
5517,95.05251
5518,104.21352
5521,94.39764
5522,107.23574
5527,101.9781
5528,97.04049
5529,105.33098
5532,103.83274
5533,106.314995
5535,105.274124
5536,101.374886
5540,94.135124
5547,93.12201
5548,111.30399
5550,77.53911
5551,95.343376
5554,109.94108
5555,95.323746
5559,109.75198
5560,90.2451
5561,109.99545
5562,98.07435
5563,110.310814
5565,83.664604
5566,100.84753
5567,103.53179
5568,95.03043
5572,97.64819
5574,95.45762
5576,99.909134
5579,111.81292
5580,83.83126
5581,90.79898
5583,95.90079
5584,109.84301
5586,109.28202
5587,94.78785
5589,103.13376
5591,106.39741
5592,96.329475
5593,106.57872
5594,96.293755
5595,85.65594
5596,109.82689
5597,103.774895
5598,116.183334
5599,96.02542
5602,114.6096
5603,96.293755
5605,94.280754
5607,93.640076
5608,95.18119
5609,94.23352
5610,94.62883
5612,95.10109
5613,105.33098
5614,95.85135
5616,94.44851
5621,93.87224
5623,98.60293
5628,113.45448
5629,96.16194
5631,112.09697
5633,100.19483
5638,103.12366
5639,94.97525
5640,100.15106
5645,98.18319
5646,79.84478
5649,95.99204
5653,103.58019
5655,115.1992
5656,94.082115
5658,94.6847
5662,117.4055
5663,92.43269
5667,93.53693
5670,96.02542
5671,102.12977
5672,95.488266
5673,104.31982
5674,92.3064
5675,103.42322
5676,94.124245
5679,113.00108
5683,108.553734
5687,96.00348
5688,77.16056
5690,100.14363
5691,114.32534
5692,97.35349
5693,107.96121
5694,94.030785
5697,108.727844
5698,92.57273
5699,111.27765
5704,96.64002
5707,113.00108
5709,96.90746
5710,92.62965
5714,94.2793
5718,94.28167
5721,95.13546
5723,95.08705
5724,111.86174
5725,92.32868
5726,102.64363
5729,99.68425
5730,104.21352
5731,97.55353
5733,77.196335
5736,92.92299
5741,112.29598
5745,111.36388
5747,94.841995
5748,113.78947
5750,112.66087
5751,107.24901
5752,95.8362
5754,94.97225
5755,94.71211
5757,101.53584
5758,116.67301
5760,108.69206
5762,104.88587
5766,107.46838
5768,97.49069
5769,118.74477
5770,99.07857
5771,110.92717
5772,92.66614
5773,102.80592
5774,96.273994
5776,93.98881
5777,111.27765
5778,94.19685
5780,110.22895
5782,92.2326
5783,77.649475
5784,97.90944
5786,95.74959
5788,93.78033
5789,99.18266
5790,94.14963
5791,106.62434
5793,100.72258
5794,97.25204
5796,117.934654
5797,95.38549
5801,98.68439
5803,96.00348
5804,104.00091
5805,95.111206
5806,77.2793
5808,109.16118
5813,94.88946
5815,97.3582
5816,106.46843
5822,98.55404
5823,111.24453
5825,107.78273
5827,109.59438
5829,102.46286
5830,97.770256
5831,96.47786
5832,97.07082
5833,109.16118
5837,114.333275
5838,92.29593
5839,95.730705
5842,100.15106
5844,109.01528
5845,95.10594
5846,107.09009
5848,77.07831
5850,108.09474
5851,92.92989
5853,97.49069
5854,105.687645
5858,100.15106
5860,112.58322
5864,103.94731
5866,96.53633
5867,113.00108
5868,95.19647
5869,112.545944
5870,93.12846
5871,109.26946
5874,115.9012
5876,110.409424
5877,90.054115
5878,94.98654
5879,112.50219
5880,99.915726
5884,92.33373
5886,110.97516
5890,99.75841
5896,95.97207
5897,105.22507
5898,97.49069
5901,104.8643
5903,110.482155
5906,94.62883
5908,113.00108
5909,92.03399
5910,105.33098
5911,92.62849
5912,105.31558
5914,115.9012
5919,111.029144
5924,96.4759
5926,94.88904
5929,104.22353
5930,99.72653
5932,92.48526
5933,111.517006
5934,93.133896
5935,109.74742
5936,93.57961
5937,110.32361
5938,95.5262
5939,106.04583
5942,100.40728
5943,92.57254
5944,100.04937
5946,110.98361
5951,93.619705
5953,102.89444
5954,95.25573
5957,105.83795
5961,100.43364
5962,102.27214
5964,78.34918
5965,98.20567
5968,114.65071
5969,95.22311
5974,94.3596
5975,95.59158
5978,80.085846
5981,104.21352
5982,95.11286
5983,100.553986
5989,106.524025
5991,92.890785
5992,98.6043
5995,99.75529
5996,104.83887
5997,110.7682
5998,95.742
5999,75.85512
6001,109.95264
6002,94.36831
6003,97.83526
6004,95.25573
6006,106.07431
6007,94.451546
6011,100.03486
6012,109.80714
6014,92.62849
6015,105.44429
6016,94.57371
6017,111.758385
6018,97.49069
6024,94.09379
6025,103.52231
6026,112.10639
6028,108.224655
6029,77.182365
6030,99.80304
6036,114.65071
6040,95.111206
6041,110.90655
6042,93.95593
6044,96.90871
6045,106.62434
6047,103.498024
6048,101.122665
6049,95.2608
6051,116.28476
6052,98.45366
6053,90.229805
6054,109.42805
6058,97.84806
6059,98.004265
6062,97.21961
6063,118.01296
6064,107.02898
6065,95.111206
6067,101.307365
6068,110.87925
6070,105.21392
6071,109.2959
6072,110.97516
6080,110.97516
6081,93.23692
6084,103.90872
6087,93.00935
6089,103.918396
6092,110.97516
6094,93.99997
6095,109.82689
6097,110.98533
6100,100.398026
6104,109.152145
6105,95.84572
6106,102.35746
6107,80.86764
6108,95.438156
6109,110.97516
6110,93.73009
6114,110.97516
6116,93.604485
6117,97.32912
6118,93.300995
6123,78.61458
6125,110.482155
6128,102.19171
6130,104.11562
6132,105.52659
6137,79.09906
6139,111.4171
6140,96.25588
6141,110.38726
6142,105.2675
6144,102.67431
6145,94.281044
6146,98.12137
6149,92.223656
6156,93.67052
6159,111.66432
6160,96.25588
6162,104.63237
6164,101.76179
6165,91.988495
6168,78.14563
6169,109.16118
6170,98.56271
6171,105.38375
6172,92.39775
6173,107.518486
6176,99.37924
6177,92.908844
6178,95.42941
6180,96.42094
6181,106.0505
6182,96.54676
6185,93.99808
6186,110.50069
6188,107.103355
6189,96.40679
6192,103.90872
6193,93.05257
6194,106.62434
6195,98.51955
6196,118.94421
6197,93.206406
6201,110.2015
6202,94.29498
6203,94.50595
6204,95.93404
6207,116.935005
6209,97.00167
6210,96.43302
6211,111.84985
6213,111.881676
6216,92.47839
6217,92.202614
6219,95.10109
6222,77.2793
6223,109.67287
6235,97.61541
6240,98.16185
6242,93.12548
6247,92.3064
6251,111.37029
6254,115.385605
6255,93.1631
6260,104.83847
6261,93.7662
6262,100.272446
6264,114.11484
6269,109.313385
6271,101.06665
6275,110.07911
6276,93.38569
6278,104.863785
6279,111.501625
6281,113.53417
6284,91.60946
6286,97.25096
6287,77.462105
6288,93.72009
6292,97.778206
6293,95.16324
6295,97.03724
6298,105.3292
6300,107.77419
6304,106.01878
6308,105.35063
6310,94.35583
6312,110.97516
6320,97.55353
6324,93.41771
6325,108.41682
6330,102.114395
6336,108.67317
6340,103.75335
6341,97.61541
6342,104.6805
6344,98.33726
6345,106.36144
6347,111.30399
6348,96.288475
6349,105.3292
6351,77.556854
6353,108.62773
6354,94.93989
6357,92.29711
6358,100.041336
6360,101.964714
6363,113.45448
6364,91.333755
6368,110.115944
6370,94.95904
6371,95.67223
6377,102.3722
6379,95.88143
6381,93.4084
6382,77.556854
6383,111.106094
6388,110.62056
6390,107.56774
6392,102.46286
6393,100.2986
6395,91.80706
6398,105.564674
6401,77.2793
6402,95.23092
6403,109.19851
6405,96.89037
6406,90.68001
6407,111.38176
6409,105.12828
6411,92.82079
6413,94.68088
6416,96.79505
6417,104.19788
6418,93.18468
6419,118.72894
6420,106.68395
6426,104.38909
6429,96.2271
6430,94.12779
6431,109.19851
6432,97.00167
6434,100.307465
6437,112.10007
6438,93.35521
6439,104.02849
6440,93.10244
6441,93.96919
6442,108.918594
6443,97.53821
6445,94.81154
6448,113.105194
6450,105.1848
6453,97.43023
6455,102.27551
6457,96.342354
6458,98.95172
6461,96.9402
6464,111.373276
6467,96.600426
6469,102.88498
6470,79.8642
6471,98.07621
6473,107.788216
6474,93.46535
6479,95.58815
6481,99.66041
6484,110.21651
6495,90.45107
6496,107.039246
6505,105.29986
6506,91.52806
6508,98.680084
6509,93.68716
6510,107.060486
6512,106.83921
6513,96.37936
6514,108.594185
6515,91.67284
6519,94.41351
6521,98.438576
6523,77.612656
6525,103.534546
6526,97.324005
6528,93.404526
6529,99.23651
6531,109.34534
6533,102.332306
6534,92.99407
6535,111.03772
6536,92.76174
6537,113.457016
6540,92.26575
6541,111.106094
6547,104.839745
6548,101.22657
6551,110.110435
6553,105.093
6555,103.90872
6556,96.785225
6561,77.4573
6564,94.09637
6565,111.03772
6568,97.43641
6569,108.918594
6573,102.29188
6574,97.57163
6577,112.59556
6579,113.45448
6581,95.51492
6582,109.362946
6585,101.090034
6586,94.254944
6589,107.142654
6590,76.560455
6593,101.27607
6594,110.68466
6595,90.49731
6599,94.43504
6600,94.91683
6601,111.12373
6602,91.358864
6603,113.105194
6604,97.50787
6607,107.93237
6608,111.33705
6609,93.31801
6611,94.952614
6613,108.918594
6614,96.559456
6616,102.81038
6617,108.918594
6618,94.99506
6619,102.94724
6621,103.90872
6627,102.75615
6629,112.55494
6631,77.07831
6634,95.38842
6636,96.25442
6638,97.43641
6639,108.918594
6641,111.34864
6642,99.264
6651,116.461975
6654,77.58787
6657,95.43273
6663,95.394966
6665,101.89011
6666,96.72997
6668,94.62879
6669,103.90872
6670,98.411156
6671,101.57097
6673,96.72388
6675,95.799416
6676,77.556854
6677,94.03332
6679,95.543526
6680,107.91631
6681,107.060486
6685,106.73851
6688,94.84993
6689,89.96442
6690,96.523476
6692,108.918594
6693,93.05798
6694,95.11314
6698,119.11544
6699,93.336945
6700,107.30293
6701,96.342354
6702,113.250374
6704,89.96442
6707,105.3697
6712,110.32017
6713,91.57017
6715,108.297134
6721,105.16654
6722,95.10109
6723,108.826866
6724,93.44925
6725,118.55696
6731,109.75089
6735,88.707245
6736,105.03181
6737,107.21589
6738,98.6903
6739,100.202354
6741,101.62699
6743,97.78787
6745,94.62879
6747,108.66475
6749,92.446396
6750,108.38226
6751,114.92593
6752,106.27328
6753,108.918594
6755,107.36748
6756,93.06726
6757,103.170235
6759,110.85799
6761,92.97949
6763,98.07621
6764,118.74477
6765,103.40842
6766,111.27083
6768,106.07431
6771,89.96442
6773,93.52023
6774,99.61983
6778,108.272224
6779,96.17467
6781,96.71538
6784,106.18911
6786,100.306595
6787,96.50162
6790,99.37516
6793,103.36656
6795,108.918594
6798,111.17132
6806,95.69779
6807,95.30499
6810,93.78246
6815,102.61355
6816,91.66811
6817,97.652504
6818,92.20653
6819,103.498024
6820,97.87237
6822,94.014565
6823,116.183334
6824,108.96328
6825,94.256065
6828,77.27033
6829,115.3055
6831,102.97246
6832,93.04265
6833,111.89093
6834,96.00754
6836,105.15306
6837,111.029144
6838,94.081314
6840,100.27023
6843,92.38028
6845,92.32686
6846,95.92033
6847,110.20134
6851,102.26543
6852,97.53652
6853,101.95938
6858,104.27844
6861,111.21221
6863,111.12373
6864,78.17636
6865,96.88874
6866,110.491234
6867,101.97057
6868,102.16646
6869,92.90263
6870,108.96328
6874,101.77889
6875,96.805176
6877,106.07431
6878,99.22561
6880,93.948586
6883,104.36159
6884,93.65938
6886,94.60127
6890,99.4405
6893,104.852615
6894,90.47795
6899,106.07431
6900,93.14304
6904,92.76705
6905,107.046
6906,95.27403
6910,95.15246
6912,103.08301
6913,112.74054
6920,93.23304
6922,96.74122
6923,108.918594
6926,95.66546
6927,103.04559
6928,92.12703
6931,116.156815
6933,91.37684
6936,90.92586
6937,109.98621
6939,94.35692
6941,101.37123
6942,105.2088
6943,91.531784
6944,102.358025
6945,90.99738
6946,104.70268
6947,117.72975
6949,109.60558
6951,107.17834
6953,103.57737
6954,93.32682
6955,105.94493
6963,109.54836
6964,94.99115
6966,99.94948
6968,93.47476
6970,106.0505
6972,108.963165
6976,107.561806
6978,110.491234
6981,95.03077
6985,109.344635
6986,93.804924
6987,109.49356
6989,101.05224
6991,116.183334
6993,112.371155
6994,96.22562
6995,107.85745
6996,92.68315
6997,112.07213
6998,80.70578
7001,108.007065
7003,110.0627
7006,90.446236
7008,90.0177
7010,90.53579
7011,98.221344
7012,93.30018
7013,93.71703
7014,108.530716
7017,101.281136
7018,93.71925
7019,91.50666
7023,92.246445
7024,102.008705
7025,93.397125
7026,109.64496
7027,91.25334
7028,113.41508
7030,108.918594
7031,99.82476
7033,104.805176
7036,94.53963
7037,94.79835
7039,93.92845
7044,94.16587
7045,111.029144
7046,106.260544
7049,93.301956
7050,91.83735
7051,106.0505
7054,108.72873
7055,93.999504
7057,91.66605
7060,106.07431
7061,97.49069
7063,93.073044
7064,109.89475
7067,93.948586
7071,99.866844
7074,105.801895
7075,92.410805
7078,111.029144
7079,89.92809
7080,102.10568
7081,97.57131
7082,110.482155
7083,95.67612
7085,91.31571
7092,103.464905
7094,90.3795
7100,92.697815
7101,103.90068
7102,110.491234
7104,109.907074
7105,97.49069
7106,97.372246
7107,100.84013
7108,77.23224
7109,92.4658
7110,109.98621
7112,94.868355
7113,106.94631
7114,104.38942
7116,110.544876
7117,101.7558
7118,98.1144
7120,92.6727
7121,102.936806
7123,103.49613
7124,94.994385
7127,107.08483
7131,104.85816
7132,92.20653
7133,97.15354
7134,109.06489
7135,91.28694
7136,110.13928
7137,95.547066
7141,95.3368
7144,106.66796
7147,104.760956
7148,97.60446
7150,96.77982
7151,92.6727
7152,105.61018
7154,94.85403
7156,95.91841
7157,105.83428
7159,117.91154
7161,100.44675
7163,97.10755
7164,100.226555
7167,78.52684
7169,102.41401
7170,94.531555
7173,95.879364
7174,107.10288
7177,109.630806
7178,104.197914
7179,97.014465
7180,79.88481
7181,109.85673
7182,92.262955
7184,96.59286
7185,112.30231
7186,92.65883
7187,116.61163
7188,93.242645
7189,108.34085
7191,103.27232
7193,108.27232
7197,97.94428
7199,97.026085
7200,110.482155
7201,91.28694
7204,93.14304
7207,111.56464
7209,111.12373
7210,93.22386
7211,98.997284
7213,96.63448
7214,112.07213
7216,111.36211
7217,94.02878
7220,108.48254
7224,108.918594
7225,92.88244
7226,111.36211
7227,94.866875
7234,112.30231
7236,82.308365
7239,108.92122
7240,91.98999
7242,114.700935
7244,105.025154
7245,89.93958
7247,97.08203
7248,93.48698
7249,117.60102
7250,113.316536
7251,99.01984
7252,109.92828
7253,78.17636
7256,93.15967
7260,96.74783
7261,112.28025
7264,101.12019
7269,111.11853
7270,91.294365
7273,105.75653
7279,93.72973
7281,111.52725
7284,96.14984
7285,112.229774
7286,117.83323
7287,92.95822
7289,96.37936
7292,90.966446
7293,111.89954
7296,100.00908
7297,111.32324
7298,95.97361
7299,114.12596
7301,103.420105
7304,107.25198
7306,109.312
7308,96.37936
7309,96.48421
7312,91.17283
7313,78.17636
7314,96.89736
7316,93.701836
7319,110.57114
7321,112.072014
7323,98.43748
7324,102.722855
7325,94.713715
7328,95.74288
7330,77.16056
7334,95.19973
7337,111.982086
7338,102.82115
7339,95.66064
7341,92.784874
7342,111.88166
7344,103.74374
7345,103.10589
7347,108.01166
7349,111.52725
7350,96.01102
7353,103.0708
7355,111.053696
7356,94.562675
7357,114.68405
7358,103.33514
7360,95.6635
7363,100.137955
7364,94.387115
7366,105.45791
7368,92.87554
7369,108.255066
7370,96.05185
7373,94.438805
7374,101.34307
7375,97.50629
7377,94.31521
7379,97.88217
7380,119.05916
7382,100.30879
7383,92.67705
7385,107.7266
7386,103.179054
7391,95.32473
7394,94.42552
7396,113.316536
7397,94.30194
7399,99.49673
7400,104.64813
7403,78.370125
7405,111.346306
7408,106.71337
7414,108.88013
7416,97.58735
7417,93.630615
7419,93.77356
7420,104.48378
7421,96.13089
7422,94.47046
7423,95.92499
7425,77.27033
7430,101.293655
7432,96.05997
7433,102.12044
7434,104.52211
7436,109.38845
7437,93.763794
7438,108.096535
7440,101.25351
7441,92.68567
7442,110.88451
7445,94.44176
7446,95.94642
7448,110.324486
7450,98.553116
7451,93.71414
7454,103.47753
7455,103.43379
7457,106.89618
7459,96.10404
7462,93.55168
7464,93.71414
7465,101.68257
7466,95.10183
7467,107.36247
7469,103.14671
7472,95.96495
7473,108.316505
7479,95.19973
7480,107.8459
7484,103.317795
7491,93.546745
7494,99.644554
7495,97.76988
7501,98.783806
7503,92.32868
7504,107.060486
7505,97.50787
7508,111.06827
7509,90.868515
7510,78.17636
7511,111.31386
7515,98.160965
7516,102.79062
7517,95.35815
7518,103.39721
7519,94.01069
7521,96.91269
7522,106.29657
7524,99.36175
7526,105.56224
7527,94.25242
7528,103.52407
7529,92.427055
7534,105.90957
7537,107.20898
7538,97.01174
7540,105.796715
7541,111.064
7545,114.51975
7551,111.60668
7553,94.96657
7554,101.99261
7555,96.06884
7561,111.30947
7562,94.766304
7564,97.88463
7565,101.008644
7566,93.39892
7567,106.10109
7569,100.98391
7570,95.66633
7571,116.461975
7572,102.91508
7574,100.01974
7578,109.7351
7579,93.68762
7586,92.893394
7587,87.052055
7590,92.835526
7593,108.316505
7594,102.88198
7595,93.39892
7600,96.72637
7601,79.894615
7602,93.54801
7603,112.23726
7604,96.613594
7606,100.05286
7608,111.69633
7613,78.47925
7615,109.025955
7616,109.38845
7617,113.121216
7618,94.25242
7619,107.15439
7622,106.684204
7623,104.096176
7624,97.06444
7625,99.223885
7626,94.5596
7627,103.21778
7628,77.94405
7631,104.28531
7632,106.73851
7633,93.76645
7634,106.49801
7635,93.89176
7636,111.90832
7637,111.90832
7639,92.79261
7640,77.556854
7644,110.482155
7645,93.828514
7648,104.69595
7649,96.36238
7650,108.96328
7652,101.68257
7653,91.76051
7655,94.98332
7659,109.690605
7662,96.81876
7664,100.99205
7666,97.46051
7668,101.78954
7669,106.876396
7670,97.19894
7672,101.817665
7673,109.14533
7678,95.977486
7679,78.64967
7680,102.332306
7683,93.71919
7685,117.83323
7688,93.50575
7690,109.05873
7692,93.81819
7693,91.32875
7695,111.982086
7696,98.5292
7698,96.29881
7699,109.15163
7702,91.3675
7703,111.64262
7704,96.36238
7707,111.31386
7713,78.799034
7715,103.56272
7717,110.0377
7718,100.37954
7719,104.31605
7721,106.44383
7722,102.00185
7725,100.12391
7727,100.527336
7730,79.80993
7733,91.81478
7735,102.68813
7740,111.64262
7741,110.326485
7742,91.572655
7744,98.529724
7747,94.69598
7750,77.27033
7752,107.63076
7754,107.60693
7756,104.86867
7757,97.01413
7758,102.76983
7760,102.332306
7761,92.88966
7763,105.99664
7765,93.70847
7767,111.90832
7768,92.748245
7771,92.823006
7773,98.66887
7774,97.95207
7776,97.69414
7779,91.92687
7783,93.728966
7786,97.988365
7787,101.75339
7789,94.27053
7791,92.67767
7793,102.64171
7794,99.66548
7795,93.98951
7799,78.47925
7800,101.60557
7802,102.723785
7805,99.27646
7807,100.663956
7808,94.75639
7811,109.66404
7817,109.17495
7818,106.73851
7819,92.36782
7822,92.95279
7823,112.08044
7825,111.11184
7828,97.05732
7832,97.04052
7833,80.46398
7834,103.23998
7835,96.50868
7837,96.69406
7840,97.763374
7842,95.43972
7843,117.22099
7844,92.4793
7846,92.88966
7850,96.80189
7853,110.14299
7855,112.53932
7858,95.71329
7863,112.1831
7865,110.24712
7866,100.330605
7868,95.39106
7869,110.15185
7871,78.52684
7872,102.30917
7874,100.612785
7877,109.91841
7878,93.69197
7879,104.80648
7881,96.16968
7883,93.42384
7885,97.588646
7886,94.96657
7889,95.21943
7890,106.81616
7891,95.69114
7893,97.25096
7894,103.45818
7896,108.96328
7898,106.327995
7901,95.096504
7902,108.01166
7904,105.39806
7905,96.313644
7906,103.01446
7909,94.62879
7910,105.724785
7913,96.70064
7918,110.046135
7919,91.323265
7923,93.20861
7925,92.3621
7927,91.68717
7930,97.61579
7932,99.16271
7933,95.067535
7935,95.07085
7939,105.752945
7942,101.54342
7943,103.599915
7945,99.40623
7946,92.87554
7948,100.72019
7949,107.48119
7950,92.93641
7951,111.90832
7955,103.82273
7959,95.53502
7960,111.64262
7961,96.24061
7962,104.01726
7964,97.97117
7965,96.52874
7966,110.482155
7967,103.732315
7968,101.13901
7971,110.115555
7974,91.323265
7976,102.278114
7978,109.19312
7982,111.64262
7983,95.37656
7984,103.52336
7986,93.49038
7989,107.48119
7991,108.01166
7992,106.820564
7993,103.41949
7994,110.491234
7995,97.04052
7997,94.49266
7998,103.52336
7999,109.17495
8002,90.602615
8007,103.17364
8009,100.77851
8011,94.84126
8013,102.62074
8015,106.005005
8017,111.00462
8019,117.54516
8023,95.17634
8024,111.88166
8026,110.021164
8027,94.293236
8029,96.60281
8030,103.82964
8031,95.02751
8033,102.605545
8035,98.66781
8036,113.61618
8039,108.29448
8042,90.15946
8044,92.086395
8046,78.42624
8048,112.933754
8049,96.313644
8050,105.570786
8053,97.19284
8054,99.25686
8059,96.20166
8061,93.982475
8062,109.78896
8064,104.64186
8066,104.766205
8067,96.70578
8068,95.47434
8070,98.17184
8071,111.89954
8072,97.16475
8076,96.34765
8080,92.18172
8081,109.660194
8084,103.43809
8087,103.25464
8089,91.699745
8090,118.456696
8091,103.43932
8094,114.21492
8100,92.81687
8101,92.82595
8110,95.927055
8111,108.01166
8112,95.18255
8115,104.1221
8116,100.54803
8118,104.64186
8121,118.44087
8125,111.82771
8127,105.79273
8128,97.75727
8129,108.04577
8131,99.6981
8138,97.46057
8139,104.46766
8140,94.710625
8141,98.66887
8142,117.34076
8143,108.684616
8145,110.021164
8146,91.21904
8148,109.99422
8153,110.99327
8154,91.34741
8155,107.595474
8161,96.14472
8162,107.64974
8163,90.868515
8166,110.93087
8168,111.1475
8170,98.441284
8172,108.27232
8173,91.952545
8176,105.26044
8179,100.13971
8181,93.4931
8182,117.89472
8184,111.43643
8190,102.332306
8191,94.48143
8194,103.70432
8196,109.60789
8198,106.2663
8199,110.91247
8201,111.36414
8202,95.08169
8207,95.1819
8208,109.1345
8211,113.57953
8214,110.14624
8217,98.22841
8218,99.503
8222,94.67348
8229,106.90905
8231,95.51659
8233,95.38186
8236,92.40196
8238,106.92478
8240,100.771484
8243,99.03255
8246,99.08197
8250,97.17021
8254,104.65084
8256,77.16947
8257,99.758316
8258,98.38939
8260,96.02786
8261,104.72431
8263,113.002014
8264,95.83604
8267,105.25372
8268,93.84516
8271,97.10735
8272,109.1345
8275,95.652054
8276,94.57148
8277,107.67753
8278,117.0958
8279,94.113716
8280,108.755394
8281,100.12613
8282,98.90561
8287,112.505775
8288,92.37114
8289,112.676384
8294,101.31451
8296,99.82606
8299,104.48697
8302,103.12495
8308,110.00981
8314,107.37028
8315,103.32238
8316,107.226204
8317,98.259056
8319,106.4745
8320,94.084145
8321,117.681786
8323,93.660645
8325,96.4793
8326,110.86413
8328,109.823685
8330,104.14751
8331,95.465866
8332,107.65609
8334,93.50628
8338,91.914085
8339,94.02528
8341,99.23919
8345,110.37567
8346,96.08547
8347,107.97983
8349,94.9471
8351,97.73334
8352,109.0197
8353,109.823685
8355,108.59924
8358,110.97841
8359,99.20447
8360,95.15992
8361,107.082565
8363,98.671646
8364,95.46932
8365,98.47985
8366,108.229004
8370,104.682106
8372,98.21057
8376,98.571556
8377,106.71076
8379,108.887596
8380,94.17388
8381,108.798195
8386,92.62443
8388,104.18669
8389,94.29936
8391,106.65184
8394,104.65084
8396,108.221756
8398,99.50387
8400,111.17481
8401,95.29912
8404,99.23919
8407,96.186584
8408,114.87614
8409,109.823685
8410,109.80531
8411,100.10685
8413,98.80239
8414,107.14458
8416,96.7194
